<?xml version="1.0" encoding="UTF-8"?>
<missatges>
  <missatge>
    <remitent>
      <nom>Alfredo Reino</nom>
      <email>alf@ramis.com</email>
    </remitent>
    <destinatari>
      <nom>Bill Clinton</nom>
      <email>president@whitehouse.gov</email>
    </destinatari>
    <assumpte>Hola Bill</assumpte>
    <text>
      <paragraf>Hola, com va?</paragraf>
      <paragraf>Hola què tal?</paragraf>
      <paragraf>Fa molt de temps que no escrius. A veure si telefones i quedam aviat</paragraf>
      <paragraf>Salutacions</paragraf>
    </text>
  </missatge>
</missatges>